filename,title,artist,year,museum,license,price_text,auction_price_usd,permalink
544453.jpg,Head from a Statue of King Amenhotep I,Unknown,ca. 1525–1504 B.C.,"Metropolitan Museum of Art, New York",CC0,,,https://www.metmuseum.org/art/collection/search/544453
248466.jpg,Bronze statuette of a philosopher on a lamp stand,Unknown,late 1st century BCE,"Metropolitan Museum of Art, New York",CC0,,,https://www.metmuseum.org/art/collection/search/248466
459027.jpg,"Portrait of a Woman, Possibly a Nun of San Secondo; (verso) Scene in Grisaille",Jacometto (Jacometto Veneziano),ca. 1485–95,"Metropolitan Museum of Art, New York",CC0,,,https://www.metmuseum.org/art/collection/search/459027
459028.jpg,Portrait of Alvise Contarini(?); (verso) A Tethered Roebuck,Jacometto (Jacometto Veneziano),ca. 1485–95,"Metropolitan Museum of Art, New York",CC0,,,https://www.metmuseum.org/art/collection/search/459028
551786.jpg,"Book of the Dead of the Priest of Horus, Imhotep (Imuthes)",Unknown,ca. 332–200 B.C.,"Metropolitan Museum of Art, New York",CC0,,,https://www.metmuseum.org/art/collection/search/551786
200668.jpg,Sabine Houdon (1787–1836),Jean Antoine Houdon,1788,"Metropolitan Museum of Art, New York",CC0,,,https://www.metmuseum.org/art/collection/search/200668
436896.jpg,Portrait of a Woman with a Man at a Casement,Fra Filippo Lippi,ca. 1440,"Metropolitan Museum of Art, New York",CC0,,,https://www.metmuseum.org/art/collection/search/436896
472562.jpg,The Fieschi Morgan Staurotheke,Unknown,early 9th century,"Metropolitan Museum of Art, New York",CC0,,,https://www.metmuseum.org/art/collection/search/472562
317877.jpg,Processional Cross,Northern Highlands artist,14th–15th century,"Metropolitan Museum of Art, New York",CC0,,,https://www.metmuseum.org/art/collection/search/317877
435580.jpg,Christ Crowned with Thorns,Antonello da Messina (Antonello di Giovanni d'Antonio),,"Metropolitan Museum of Art, New York",CC0,,,https://www.metmuseum.org/art/collection/search/435580
436545.jpg,Manuel Osorio Manrique de Zuñiga (1784–1792),Goya (Francisco de Goya y Lucientes),1787–88,"Metropolitan Museum of Art, New York",CC0,,,https://www.metmuseum.org/art/collection/search/436545
436102.jpg,Virgin and Child with Four Angels,Gerard David,ca. 1510–15,"Metropolitan Museum of Art, New York",CC0,,,https://www.metmuseum.org/art/collection/search/436102
436492.jpg,Saint Christopher and the Infant Christ,Domenico Ghirlandaio (Domenico Bigordi),,"Metropolitan Museum of Art, New York",CC0,,,https://www.metmuseum.org/art/collection/search/436492
437340.jpg,"Charles Maurice de Talleyrand Périgord (1754–1838), Prince de Talleyrand",Pierre Paul Prud'hon,1817,"Metropolitan Museum of Art, New York",CC0,,,https://www.metmuseum.org/art/collection/search/437340
205107.jpg,The Composer André-Ernest-Modeste Grétry (1741–1813),Jean-Baptiste Stouf,1804–8,"Metropolitan Museum of Art, New York",CC0,,,https://www.metmuseum.org/art/collection/search/205107
435848.jpg,The Birth of the Virgin,Fra Carnevale (Bartolomeo di Giovanni Corradini),1467,"Metropolitan Museum of Art, New York",CC0,,,https://www.metmuseum.org/art/collection/search/435848
435896.jpg,Portrait of a Carthusian,Petrus Christus,1446,"Metropolitan Museum of Art, New York",CC0,,,https://www.metmuseum.org/art/collection/search/435896
438688.jpg,Saint Francis,Federico Barocci,ca. 1600–1604,"Metropolitan Museum of Art, New York",CC0,,,https://www.metmuseum.org/art/collection/search/438688
437609.jpg,The Holy Family with the Young Saint John the Baptist,Andrea del Sarto (Andrea d'Agnolo),ca. 1528,"Metropolitan Museum of Art, New York",CC0,,,https://www.metmuseum.org/art/collection/search/437609
206965.jpg,Longcase astronomical regulator,Ferdinand Berthoud,ca. 1768–70,"Metropolitan Museum of Art, New York",CC0,,,https://www.metmuseum.org/art/collection/search/206965
643540.jpg,Portrait of a Woman,Giovanni Battista Gaulli (Il Baciccio),ca. 1670s,"Metropolitan Museum of Art, New York",CC0,,,https://www.metmuseum.org/art/collection/search/643540
206989.jpg,Commode à vantaux,David Roentgen,ca. 1775–79 with later alterations,"Metropolitan Museum of Art, New York",CC0,,,https://www.metmuseum.org/art/collection/search/206989
437261.jpg,The Penitence of Saint Jerome,Joachim Patinir,ca. 1515,"Metropolitan Museum of Art, New York",CC0,,,https://www.metmuseum.org/art/collection/search/437261
436785.jpg,Honfleur,Johan Barthold Jongkind,1865,"Metropolitan Museum of Art, New York",CC0,,,https://www.metmuseum.org/art/collection/search/436785
437422.jpg,Charity,Guido Reni,ca. 1630,"Metropolitan Museum of Art, New York",CC0,,,https://www.metmuseum.org/art/collection/search/437422
459080.jpg,Erasmus of Rotterdam,Hans Holbein the Younger,ca. 1532,"Metropolitan Museum of Art, New York",CC0,,,https://www.metmuseum.org/art/collection/search/459080
468640.jpg,Plate with Wife Beating Husband,Unknown,ca. 1480,"Metropolitan Museum of Art, New York",CC0,,,https://www.metmuseum.org/art/collection/search/468640
438779.jpg,A Peasant Family,Antoine Le Nain,ca. 1640–48,"Metropolitan Museum of Art, New York",CC0,,,https://www.metmuseum.org/art/collection/search/438779
204587.jpg,Emperor Antoninus Pius,Antico (Pier Jacopo Alari Bonacolsi),1519–24,"Metropolitan Museum of Art, New York",CC0,,,https://www.metmuseum.org/art/collection/search/204587
544320.jpg,Stela of the Steward Mentuwoser,Unknown,ca. 1944 B.C.,"Metropolitan Museum of Art, New York",CC0,,,https://www.metmuseum.org/art/collection/search/544320
460281.jpg,Tabernacle Polyptych with the Madonna and Child and Scenes from the Life of Christ,Unknown,ca. 1275–1300,"Metropolitan Museum of Art, New York",CC0,,,https://www.metmuseum.org/art/collection/search/460281
435851.jpg,The Meditation on the Passion,Vittore Carpaccio,ca. 1490,"Metropolitan Museum of Art, New York",CC0,,,https://www.metmuseum.org/art/collection/search/435851
435864.jpg,A Woman with a Dog,Giacomo Ceruti,1740s,"Metropolitan Museum of Art, New York",CC0,,,https://www.metmuseum.org/art/collection/search/435864
436440.jpg,Cottage Children (The Wood Gatherers),Thomas Gainsborough,1787,"Metropolitan Museum of Art, New York",CC0,,,https://www.metmuseum.org/art/collection/search/436440
712539.jpg,Saint Philip Neri (1515–1595),Carlo Dolci,1645 or 1646,"Metropolitan Museum of Art, New York",CC0,,,https://www.metmuseum.org/art/collection/search/712539
769297.jpg,Pope Clement X (1590–1676),Giovanni Battista Gaulli (Il Baciccio),ca. 1670–71,"Metropolitan Museum of Art, New York",CC0,,,https://www.metmuseum.org/art/collection/search/769297
437851.jpg,Portrait of a Young Man,Cosmè Tura (Cosimo di Domenico di Bonaventura),1470s,"Metropolitan Museum of Art, New York",CC0,,,https://www.metmuseum.org/art/collection/search/437851
626692.jpg,The Jabach Family,Charles Le Brun,ca. 1660,"Metropolitan Museum of Art, New York",CC0,,,https://www.metmuseum.org/art/collection/search/626692
438624.jpg,Lake Fucino and the Abruzzi Mountains,Joseph Bidauld,ca. 1789,"Metropolitan Museum of Art, New York",CC0,,,https://www.metmuseum.org/art/collection/search/438624
436884.jpg,The Chess Players,Liberale da Verona,ca. 1475,"Metropolitan Museum of Art, New York",CC0,,,https://www.metmuseum.org/art/collection/search/436884
436885.jpg,Scene from a Novella,Liberale da Verona,,"Metropolitan Museum of Art, New York",CC0,,,https://www.metmuseum.org/art/collection/search/436885
452102.jpg,Damascus Room,Unknown,dated 1119 AH/1707 CE,"Metropolitan Museum of Art, New York",CC0,,,https://www.metmuseum.org/art/collection/search/452102
437368.jpg,Holy Family with an Angel,Raffaellino del Garbo (also known as Raffaelle de' Capponi and Raffaelle de' Carli),ca. 1490,"Metropolitan Museum of Art, New York",CC0,,,https://www.metmuseum.org/art/collection/search/437368
437497.jpg,The Flagellation; (reverse) The Madonna of Mercy,Girolamo Romanino,ca. 1540,"Metropolitan Museum of Art, New York",CC0,,,https://www.metmuseum.org/art/collection/search/437497
435897.jpg,Head of Christ (Ecce Homo),Petrus Christus,ca. 1445,"Metropolitan Museum of Art, New York",CC0,,,https://www.metmuseum.org/art/collection/search/435897
436336.jpg,The Pérussis Altarpiece,Nicolas Froment,1480,"Metropolitan Museum of Art, New York",CC0,,,https://www.metmuseum.org/art/collection/search/436336
435711.jpg,An Egyptian Peasant Woman and Her Child,Léon Bonnat,1869–70,"Metropolitan Museum of Art, New York",CC0,,,https://www.metmuseum.org/art/collection/search/435711
437021.jpg,Head of Christ,Master of the Orcagnesque Misericordia,,"Metropolitan Museum of Art, New York",CC0,,,https://www.metmuseum.org/art/collection/search/437021
435722.jpg,Portrait of a Man in Armor with Two Pages,Paris Bordon,,"Metropolitan Museum of Art, New York",CC0,,,https://www.metmuseum.org/art/collection/search/435722
437090.jpg,"Charles I (1600–1649), King of England",Daniël Mijtens,1629,"Metropolitan Museum of Art, New York",CC0,,,https://www.metmuseum.org/art/collection/search/437090
436801.jpg,The Marriage Feast at Cana,Juan de Flandes,ca. 1497,"Metropolitan Museum of Art, New York",CC0,,,https://www.metmuseum.org/art/collection/search/436801
435882.jpg,Still Life with Apples and a Pot of Primroses,Paul Cézanne,ca. 1890,"Metropolitan Museum of Art, New York",CC0,,,https://www.metmuseum.org/art/collection/search/435882
437061.jpg,Salvator Mundi,Hans Memling,1480–85,"Metropolitan Museum of Art, New York",CC0,,,https://www.metmuseum.org/art/collection/search/437061
437173.jpg,Don Andrés de Andrade y la Cal,Bartolomé Estebán Murillo,ca. 1665–72,"Metropolitan Museum of Art, New York",CC0,,,https://www.metmuseum.org/art/collection/search/437173
436658.jpg,Hermann von Wedigh III (died 1560),Hans Holbein the Younger,1532,"Metropolitan Museum of Art, New York",CC0,,,https://www.metmuseum.org/art/collection/search/436658
192770.jpg,Saint Bridget of Sweden Receiving the Rule of Her Order,Agostino d'Antonio di Duccio,1459,"Metropolitan Museum of Art, New York",CC0,,,https://www.metmuseum.org/art/collection/search/192770
435997.jpg,The Storm,Pierre-Auguste Cot,1880,"Metropolitan Museum of Art, New York",CC0,,,https://www.metmuseum.org/art/collection/search/435997
438817.jpg,The Dance Class,Edgar Degas,1874,"Metropolitan Museum of Art, New York",CC0,,,https://www.metmuseum.org/art/collection/search/438817
436965.jpg,The Monet Family in Their Garden at Argenteuil,Edouard Manet,1874,"Metropolitan Museum of Art, New York",CC0,,,https://www.metmuseum.org/art/collection/search/436965
194191.jpg,Clock watch with astronomical dial and sundial,Jan Jansen Bockeltz,ca. 1605–10,"Metropolitan Museum of Art, New York",CC0,,,https://www.metmuseum.org/art/collection/search/194191
438821.jpg,Ia Orana Maria (Hail Mary),Paul Gauguin,1891,"Metropolitan Museum of Art, New York",CC0,,,https://www.metmuseum.org/art/collection/search/438821
838076.jpg,Virgin and Child Enthroned,Bohemian Painter,ca. 1345–50,"Metropolitan Museum of Art, New York",CC0,,,https://www.metmuseum.org/art/collection/search/838076
446561.jpg,"""Alexander is Lowered into the Sea"", Folio from a Khamsa (Quintet) of Amir Khusrau Dihlavi",Amir Khusrau Dihlavi,1597–98,"Metropolitan Museum of Art, New York",CC0,,,https://www.metmuseum.org/art/collection/search/446561
437466.jpg,"Christ Blessing, Surrounded by a Donor Family",German Painter,ca. 1573–82,"Metropolitan Museum of Art, New York",CC0,,,https://www.metmuseum.org/art/collection/search/437466
437457.jpg,The Baptism of Christ,Sebastiano Ricci,ca. 1713–14,"Metropolitan Museum of Art, New York",CC0,,,https://www.metmuseum.org/art/collection/search/437457
437868.jpg,"Don Gaspar de Guzmán (1587–1645), Count-Duke of Olivares",Juan Bautista Martínez del Mazo,ca. 1636 or later,"Metropolitan Museum of Art, New York",CC0,,,https://www.metmuseum.org/art/collection/search/437868
761114.jpg,Mercury and Cupid,Francesco Fanelli,late 1630s,"Metropolitan Museum of Art, New York",CC0,,,https://www.metmuseum.org/art/collection/search/761114
436836.jpg,Allegory of Music,Laurent de La Hyre,1649,"Metropolitan Museum of Art, New York",CC0,,,https://www.metmuseum.org/art/collection/search/436836
53162.jpg,Tobatsu Bishamonten,Unknown,late 10th–early 11th century,"Metropolitan Museum of Art, New York",CC0,,,https://www.metmuseum.org/art/collection/search/53162
436522.jpg,A Benedictine Monk,Hugo van der Goes,,"Metropolitan Museum of Art, New York",CC0,,,https://www.metmuseum.org/art/collection/search/436522
761570.jpg,Carlo Rimbotti (1518–1591),Francesco Salviati (Francesco de' Rossi),1548,"Metropolitan Museum of Art, New York",CC0,,,https://www.metmuseum.org/art/collection/search/761570
459071.jpg,Portrait of a Woman,Netherlandish or French,ca. 1470–80,"Metropolitan Museum of Art, New York",CC0,,,https://www.metmuseum.org/art/collection/search/459071
436155.jpg,The Rehearsal of the Ballet Onstage,Edgar Degas,ca. 1874,"Metropolitan Museum of Art, New York",CC0,,,https://www.metmuseum.org/art/collection/search/436155
435664.jpg,Portrait of a Young Man,Biagio d'Antonio,probably ca. 1470,"Metropolitan Museum of Art, New York",CC0,,,https://www.metmuseum.org/art/collection/search/435664
437030.jpg,Young Man Holding a Book,Master of the View of Saint Gudula,ca. 1480,"Metropolitan Museum of Art, New York",CC0,,,https://www.metmuseum.org/art/collection/search/437030
310364.jpg,Vessel with mythological scene,Metropolitan Painter,600–800 CE,"Metropolitan Museum of Art, New York",CC0,,,https://www.metmuseum.org/art/collection/search/310364
436657.jpg,"Benedikt von Hertenstein (born about 1495, died 1522)",Hans Holbein the Younger,1517,"Metropolitan Museum of Art, New York",CC0,,,https://www.metmuseum.org/art/collection/search/436657
207157.jpg,Dwarf (one of a pair),Villeroy,ca. 1740–45,"Metropolitan Museum of Art, New York",CC0,,,https://www.metmuseum.org/art/collection/search/207157
237451.jpg,Dwarf (one of a pair),Villeroy,ca. 1740–45,"Metropolitan Museum of Art, New York",CC0,,,https://www.metmuseum.org/art/collection/search/237451
453385.jpg,Anthology of Persian Poetry in Oblong Format (Safina),Sultan Muhammad Nur,dated 905 AH/1499–1500 CE,"Metropolitan Museum of Art, New York",CC0,,,https://www.metmuseum.org/art/collection/search/453385
